Date,Open,High,Low,Close,Adj Close,Volume
"Oct 01, 2026",86.23,86.68,86.06,86.43,86.43,"3,416,868"
"Sep 30, 2026",87.35,87.52,86.07,86.08,86.08,"15,828,000"
"Sep 29, 2026",86.56,87.28,86.56,86.84,86.84,"13,661,800"
"Sep 28, 2026",87.61,87.70,86.89,87.18,87.18,"14,493,300"
"Sep 25, 2026",88.16,88.32,87.56,87.81,87.81,"12,161,400"
"Sep 24, 2026",88.82,89.36,88.10,88.10,88.10,"13,163,300"
"Sep 23, 2026",88.95,89.00,87.61,88.09,88.09,"13,016,400"
"Sep 22, 2026",87.60,88.97,87.46,88.61,88.61,"17,266,800"
"Sep 21, 2026",88.32,88.50,87.12,87.12,87.12,"18,100,400"
"Sep 18, 2026",87.80,88.29,87.52,88.25,88.25,"28,048,200"
"Sep 17, 2026",88.08,88.33,87.51,88.06,88.06,"16,563,600"
"Sep 16, 2026",88.48,88.66,87.74,87.87,87.87,"17,074,800"
"Sep 15, 2026",88.53,88.90,87.80,88.71,88.71,"13,148,900"
"Sep 14, 2026",90.00,90.36,88.87,89.35,88.82,"14,066,100"
"Sep 11, 2026",88.44,88.65,87.81,88.29,87.77,"9,988,700"
"Sep 10, 2026",88.58,88.96,87.80,87.83,87.31,"12,019,900"
"Sep 09, 2026",88.31,88.40,87.41,87.55,87.03,"12,337,500"
"Sep 08, 2026",87.55,88.55,87.55,88.36,87.84,"19,426,900"
"Sep 04, 2026",88.59,88.91,87.85,88.07,87.55,"17,290,700"
"Sep 03, 2026",88.11,89.23,88.01,88.81,88.28,"13,763,000"
"Sep 02, 2026",87.90,88.95,87.73,88.24,87.72,"18,492,800"
"Sep 01, 2026",89.59,89.78,87.81,88.00,87.48,"14,824,100"
"Aug 31, 2026",89.51,89.53,88.60,88.67,88.14,"23,764,800"
"Aug 28, 2026",89.21,90.04,89.07,89.66,89.13,"9,887,200"
"Aug 27, 2026",89.41,90.03,88.96,89.06,88.53,"13,452,600"
"Aug 26, 2026",92.21,92.21,90.00,90.08,89.55,"17,133,900"
"Aug 25, 2026",91.57,92.08,91.30,91.64,91.10,"11,940,100"
"Aug 24, 2026",92.12,92.49,91.45,91.99,91.44,"14,787,700"
"Aug 21, 2026",90.85,91.20,90.32,91.10,90.56,"15,595,800"
"Aug 20, 2026",90.18,91.87,89.73,90.50,89.96,"14,928,000"
"Aug 19, 2026",88.59,90.76,88.59,90.35,89.81,"15,993,900"
"Aug 18, 2026",88.40,88.96,87.88,88.82,88.29,"12,524,500"
"Aug 17, 2026",87.30,88.02,86.85,86.98,86.46,"12,056,400"
"Aug 14, 2026",87.30,87.97,87.20,87.71,87.19,"9,166,400"
"Aug 13, 2026",87.14,87.75,86.91,87.42,86.90,"10,140,600"
"Aug 12, 2026",85.78,87.29,85.66,86.71,86.20,"12,651,900"
"Aug 11, 2026",86.62,87.05,86.11,86.48,85.97,"16,018,000"
"Aug 10, 2026",87.11,87.53,86.43,86.87,86.35,"13,710,800"
"Aug 07, 2026",86.51,87.17,86.19,87.05,86.53,"11,221,700"
"Aug 06, 2026",87.86,87.97,86.42,86.85,86.33,"13,568,500"
"Aug 05, 2026",87.05,87.15,86.19,86.83,86.31,"15,868,600"
"Aug 04, 2026",85.79,86.68,85.16,86.56,86.05,"17,085,700"
"Aug 03, 2026",88.48,88.48,86.63,86.86,86.34,"23,197,100"
"Jul 31, 2026",87.66,88.00,86.82,87.59,87.07,"14,725,900"
"Jul 30, 2026",87.63,88.64,87.21,88.49,87.97,"17,616,100"
"Jul 29, 2026",88.65,90.92,88.64,89.08,88.55,"21,711,700"
"Jul 28, 2026",88.30,90.22,86.25,88.27,87.75,"34,982,900"
"Jul 27, 2026",83.08,84.14,82.50,84.07,83.57,"19,937,600"
"Jul 24, 2026",81.57,82.33,80.90,82.25,81.76,"11,980,400"
"Jul 23, 2026",81.67,81.87,80.88,81.17,80.69,"13,755,600"
"Jul 22, 2026",82.85,82.92,81.96,82.20,81.71,"11,701,300"
"Jul 21, 2026",81.97,82.40,81.32,81.97,81.48,"12,949,400"
"Jul 20, 2026",81.55,82.37,81.30,82.12,81.63,"14,967,200"
"Jul 17, 2026",85.37,85.56,80.83,81.56,81.08,"32,903,000"
"Jul 16, 2026",83.50,84.95,83.28,84.92,84.42,"17,889,900"
"Jul 15, 2026",82.93,83.24,82.23,82.45,81.96,"18,383,800"
"Jul 14, 2026",84.17,84.63,83.08,83.08,82.59,"13,775,400"
"Jul 13, 2026",83.90,84.68,83.67,84.25,83.75,"12,085,800"
"Jul 10, 2026",82.73,83.74,82.41,83.49,82.99,"10,694,600"
"Jul 09, 2026",82.09,82.82,81.71,82.63,82.14,"15,782,500"
"Jul 08, 2026",84.17,84.83,83.27,83.40,82.91,"14,160,000"
"Jul 07, 2026",84.60,85.68,83.64,84.05,83.55,"17,835,200"
"Jul 06, 2026",84.10,84.56,82.32,82.96,82.47,"18,992,600"
"Jul 02, 2026",81.63,84.14,81.40,84.14,83.64,"18,308,400"
"Jul 01, 2026",81.70,81.98,80.96,81.29,80.81,"21,734,800"
"Jun 30, 2026",82.50,82.54,81.01,81.27,80.79,"16,422,100"
"Jun 29, 2026",82.83,83.62,82.21,82.65,82.16,"15,015,800"
"Jun 26, 2026",80.96,82.81,80.70,82.63,82.14,"53,357,500"
"Jun 25, 2026",80.53,81.38,79.97,80.42,79.94,"16,021,400"
"Jun 24, 2026",80.89,81.58,80.56,80.60,80.12,"20,632,600"
"Jun 23, 2026",81.33,81.33,79.83,80.31,79.83,"16,854,000"
"Jun 22, 2026",79.25,80.06,79.06,79.53,79.06,"21,205,900"
"Jun 18, 2026",79.87,80.01,78.74,79.39,78.92,"46,857,900"
"Jun 17, 2026",79.95,80.33,78.99,79.93,79.46,"17,055,400"
"Jun 16, 2026",81.15,81.39,79.84,80.28,79.80,"17,565,100"
"Jun 15, 2026",81.08,81.20,80.25,80.91,80.43,"20,055,200"
"Jun 12, 2026",82.71,82.89,81.87,82.62,81.60,"11,757,700"
"Jun 11, 2026",83.92,84.04,82.49,82.53,81.51,"14,264,500"
"Jun 10, 2026",82.68,83.85,82.12,83.59,82.56,"20,880,500"
"Jun 09, 2026",79.55,81.76,79.38,81.34,80.34,"20,591,600"
"Jun 08, 2026",79.31,79.93,79.10,79.54,78.56,"12,828,900"
"Jun 05, 2026",77.51,80.74,77.48,79.48,78.50,"25,708,100"
"Jun 04, 2026",79.78,80.04,76.81,76.82,75.87,"19,361,600"
"Jun 03, 2026",78.29,79.03,78.11,78.76,77.79,"14,964,300"
"Jun 02, 2026",78.88,79.20,78.25,78.41,77.44,"12,533,200"
"Jun 01, 2026",78.58,79.20,78.43,78.64,77.67,"12,776,300"
"May 29, 2026",80.04,80.33,78.91,79.01,78.04,"32,477,000"
"May 28, 2026",81.32,81.76,80.34,80.41,79.42,"14,691,400"
"May 27, 2026",81.10,82.51,80.80,81.62,80.62,"13,209,600"
"May 26, 2026",80.84,81.60,80.24,80.46,79.47,"13,004,200"
"May 22, 2026",81.18,81.68,80.92,81.48,80.48,"8,240,200"
"May 21, 2026",81.79,81.80,80.72,81.17,80.17,"15,708,400"
"May 20, 2026",82.17,82.40,81.52,81.55,80.55,"16,999,700"
"May 19, 2026",81.41,82.66,81.26,81.92,80.91,"16,595,200"
"May 18, 2026",80.87,81.39,80.39,81.20,80.20,"12,375,500"
"May 15, 2026",81.36,81.36,80.45,80.82,79.83,"17,527,200"
"May 14, 2026",80.73,80.92,79.91,80.45,79.46,"10,642,000"
"May 13, 2026",79.87,81.03,79.84,80.26,79.27,"12,357,000"
"May 12, 2026",79.00,80.32,78.28,80.03,79.04,"19,883,100"
"May 11, 2026",78.16,78.73,77.84,78.66,77.69,"10,967,900"
"May 08, 2026",78.57,79.20,78.12,78.42,77.45,"12,447,200"
"May 07, 2026",78.79,79.15,78.10,78.43,77.46,"16,531,400"
"May 06, 2026",78.78,79.33,78.57,79.23,78.25,"14,060,300"
"May 05, 2026",78.19,78.78,77.74,78.48,77.51,"11,637,500"
"May 04, 2026",78.06,78.77,77.73,78.19,77.23,"12,672,400"
"May 01, 2026",79.29,79.64,78.04,78.58,77.61,"12,610,400"
"Apr 30, 2026",78.80,79.12,78.33,78.76,77.79,"15,142,200"
"Apr 29, 2026",78.37,79.28,78.19,78.87,77.90,"18,294,700"
"Apr 28, 2026",79.52,80.32,78.08,78.35,77.39,"30,710,700"
"Apr 27, 2026",76.71,76.71,75.40,75.44,74.51,"15,812,200"
"Apr 24, 2026",76.71,77.01,76.17,76.63,75.69,"12,008,700"
"Apr 23, 2026",75.44,76.66,75.16,76.28,75.34,"12,060,300"
"Apr 22, 2026",74.90,75.38,74.55,74.63,73.71,"9,352,300"
"Apr 21, 2026",75.48,75.53,74.62,74.70,73.78,"11,806,900"
"Apr 20, 2026",75.82,76.22,75.36,75.48,74.55,"10,141,800"
"Apr 17, 2026",74.95,76.06,74.80,75.74,74.81,"15,033,900"
"Apr 16, 2026",75.03,75.84,74.90,75.18,74.25,"11,501,900"
"Apr 15, 2026",75.74,75.74,74.72,75.31,74.38,"16,212,100"
"Apr 14, 2026",75.97,76.62,75.80,75.90,74.97,"12,397,600"
"Apr 13, 2026",77.32,77.45,75.83,76.41,75.47,"12,696,200"
"Apr 10, 2026",77.98,78.17,77.31,77.47,76.52,"11,081,400"
"Apr 09, 2026",76.65,78.29,76.37,78.18,77.22,"14,311,000"
"Apr 08, 2026",75.81,77.37,75.32,77.29,76.34,"12,331,300"
"Apr 07, 2026",77.20,77.60,75.63,75.91,74.98,"12,769,200"
"Apr 06, 2026",76.64,77.28,76.22,77.22,76.27,"8,259,900"
"Apr 02, 2026",76.58,76.96,76.12,76.72,75.78,"14,573,400"
"Apr 01, 2026",76.15,76.36,75.26,76.08,75.14,"15,834,300"
"Mar 31, 2026",76.53,77.02,75.51,76.05,75.11,"18,301,800"
"Mar 30, 2026",75.93,77.00,75.72,76.27,75.33,"18,502,800"
"Mar 27, 2026",74.82,76.05,74.70,75.71,74.78,"17,461,000"
"Mar 26, 2026",75.19,75.75,74.65,74.69,73.77,"11,202,100"
"Mar 25, 2026",74.59,75.65,74.07,75.25,74.32,"14,787,900"
"Mar 24, 2026",74.86,75.69,74.63,74.67,73.75,"15,653,700"
"Mar 23, 2026",75.34,75.45,74.55,75.11,74.19,"15,054,900"
"Mar 20, 2026",75.57,76.05,74.39,74.75,73.83,"33,298,700"
"Mar 19, 2026",76.00,76.45,75.53,75.55,74.62,"13,023,300"
"Mar 18, 2026",77.08,77.13,75.85,75.97,75.03,"13,134,600"
"Mar 17, 2026",78.00,78.30,77.45,77.58,76.63,"14,900,100"
"Mar 16, 2026",78.00,78.43,77.74,77.82,76.86,"11,761,200"
"Mar 13, 2026",77.47,78.05,77.19,77.34,76.39,"11,974,500"
"Mar 12, 2026",77.42,78.16,76.90,77.61,76.13,"16,842,200"
"Mar 11, 2026",77.71,77.71,76.60,77.63,76.15,"11,546,800"
"Mar 10, 2026",77.48,78.41,77.10,77.88,76.40,"17,243,900"
"Mar 09, 2026",76.62,78.07,76.53,77.80,76.32,"18,554,100"
"Mar 06, 2026",76.80,77.19,76.35,77.04,75.57,"15,516,000"
"Mar 05, 2026",77.68,77.72,76.50,77.03,75.56,"23,165,700"
"Mar 04, 2026",79.29,79.47,77.75,78.10,76.61,"21,011,800"
"Mar 03, 2026",79.86,80.08,78.56,79.34,77.83,"20,549,300"
"Mar 02, 2026",81.25,81.40,80.15,80.22,78.69,"18,137,200"
"Feb 27, 2026",80.94,82.00,80.82,81.56,80.01,"28,483,500"
"Feb 26, 2026",80.75,80.89,80.02,80.50,78.97,"12,843,200"
"Feb 25, 2026",80.40,80.69,79.56,80.47,78.94,"18,086,900"
"Feb 24, 2026",80.54,81.09,79.85,80.72,79.18,"16,448,500"
"Feb 23, 2026",79.52,80.85,79.50,80.56,79.03,"17,157,700"
"Feb 20, 2026",79.33,79.84,78.89,79.84,78.32,"17,175,100"
"Feb 19, 2026",79.46,79.67,78.59,78.91,77.41,"14,924,700"
"Feb 18, 2026",79.50,79.84,78.92,79.49,77.98,"16,304,900"
"Feb 17, 2026",78.99,79.64,78.74,79.56,78.04,"16,260,200"
"Feb 13, 2026",78.45,79.40,78.13,78.68,77.18,"16,711,900"
"Feb 12, 2026",78.98,80.41,78.79,79.00,77.49,"26,043,500"
"Feb 11, 2026",76.88,79.05,76.58,78.60,77.10,"22,649,700"
"Feb 10, 2026",76.63,77.51,76.01,76.81,75.35,"28,848,200"
"Feb 09, 2026",78.67,79.11,77.54,77.97,76.48,"23,415,600"
"Feb 06, 2026",78.50,79.20,78.26,79.03,77.52,"18,512,400"
"Feb 05, 2026",77.82,78.86,77.59,78.51,77.01,"21,633,500"
"Feb 04, 2026",77.27,78.11,77.08,77.35,75.88,"28,607,300"
"Feb 03, 2026",75.27,77.50,75.13,76.89,75.42,"27,007,100"
"Feb 02, 2026",75.01,75.70,74.40,75.33,73.89,"19,301,500"
"Jan 30, 2026",73.71,74.90,73.54,74.81,73.38,"26,420,500"
"Jan 29, 2026",73.18,74.09,73.14,73.43,72.03,"20,862,100"
"Jan 28, 2026",73.21,73.62,72.57,73.06,71.67,"14,633,700"
"Jan 27, 2026",72.44,73.56,72.27,73.55,72.15,"13,239,200"
"Jan 26, 2026",72.86,73.30,72.54,72.56,71.18,"14,017,400"
"Jan 23, 2026",72.02,73.06,71.78,72.88,71.49,"18,307,100"
"Jan 22, 2026",71.83,72.04,71.44,71.87,70.50,"13,962,800"
"Jan 21, 2026",71.98,72.24,70.83,72.01,70.64,"21,660,600"
"Jan 20, 2026",70.00,71.78,69.79,71.75,70.38,"22,152,200"
"Jan 16, 2026",70.29,70.74,70.04,70.44,69.10,"20,027,500"
"Jan 15, 2026",71.59,71.60,70.37,70.48,69.14,"15,464,100"
"Jan 14, 2026",71.17,71.71,70.81,71.44,70.08,"16,739,100"
"Jan 13, 2026",70.42,71.24,70.27,71.24,69.88,"18,324,800"
"Jan 12, 2026",70.90,70.97,70.24,70.50,69.16,"20,582,500"
"Jan 09, 2026",69.43,70.66,69.12,70.51,69.17,"19,638,600"
"Jan 08, 2026",67.54,69.46,67.45,69.37,68.05,"19,237,000"
"Jan 07, 2026",67.99,68.07,67.27,67.54,66.25,"20,223,400"
"Jan 06, 2026",68.01,68.25,67.59,67.84,66.55,"21,019,900"
"Jan 05, 2026",68.92,68.92,67.92,67.94,66.65,"21,186,600"
"Jan 02, 2026",69.85,69.87,68.98,69.12,67.80,"12,151,300"
"Dec 31, 2025",70.07,70.16,69.88,69.91,68.58,"8,127,800"
"Dec 30, 2025",70.00,70.24,69.80,70.07,68.73,"8,610,900"
"Dec 29, 2025",70.00,70.42,69.85,70.16,68.82,"9,686,900"
"Dec 26, 2025",69.95,70.16,69.73,69.87,68.54,"5,711,400"
"Dec 24, 2025",69.90,70.16,69.75,70.11,68.77,"4,515,300"
"Dec 23, 2025",70.20,70.26,69.69,69.87,68.54,"9,471,000"
"Dec 22, 2025",69.93,70.22,69.66,70.21,68.87,"12,828,500"
"Dec 19, 2025",70.06,70.77,70.03,70.06,68.73,"36,911,100"
"Dec 18, 2025",70.27,70.80,70.17,70.36,69.02,"15,524,800"
"Dec 17, 2025",70.57,70.92,70.31,70.67,69.32,"13,672,700"
"Dec 16, 2025",71.30,71.30,70.32,70.37,69.03,"17,370,000"
"Dec 15, 2025",70.43,71.32,70.32,70.97,69.62,"18,660,100"
"Dec 12, 2025",69.11,70.62,69.04,70.52,69.18,"18,444,500"
"Dec 11, 2025",70.55,70.69,68.79,69.11,67.79,"23,124,200"
"Dec 10, 2025",70.39,70.53,69.78,70.21,68.87,"29,789,400"
"Dec 09, 2025",70.37,70.63,69.83,70.09,68.75,"13,010,600"
"Dec 08, 2025",69.84,70.38,69.49,70.25,68.91,"17,775,100"
"Dec 05, 2025",70.32,70.71,69.87,70.00,68.67,"13,978,200"
"Dec 04, 2025",70.83,71.34,70.37,70.45,69.11,"17,710,000"
"Dec 03, 2025",70.88,71.40,70.61,70.81,69.46,"17,001,700"
"Dec 02, 2025",71.80,71.80,70.43,70.67,69.32,"19,871,300"
"Dec 01, 2025",72.60,72.91,71.93,71.95,70.58,"14,388,100"
"Nov 28, 2025",73.00,73.23,72.76,73.12,71.23,"7,423,000"
"Nov 26, 2025",72.60,73.09,72.39,72.88,70.99,"11,795,100"
"Nov 25, 2025",72.80,72.93,72.14,72.61,70.73,"17,451,200"
"Nov 24, 2025",73.16,73.16,71.57,72.59,70.71,"39,818,600"
"Nov 21, 2025",71.68,73.19,71.49,72.95,71.06,"26,492,500"
"Nov 20, 2025",70.95,71.48,70.61,71.21,69.37,"15,396,500"
"Nov 19, 2025",71.20,71.45,70.81,71.11,69.27,"12,401,500"
"Nov 18, 2025",70.99,71.34,70.57,71.22,69.38,"12,838,900"
"Nov 17, 2025",71.20,71.53,70.62,70.68,68.85,"14,772,300"
"Nov 14, 2025",71.41,71.64,70.60,71.16,69.32,"13,172,000"
"Nov 13, 2025",71.42,71.67,71.00,71.07,69.23,"14,002,800"
"Nov 12, 2025",71.49,71.89,71.34,71.51,69.66,"13,612,600"
"Nov 11, 2025",70.98,71.75,70.66,71.61,69.76,"16,160,200"
"Nov 10, 2025",70.01,70.66,69.44,70.52,68.69,"15,318,000"
"Nov 07, 2025",69.81,70.87,69.41,70.55,68.72,"25,108,300"
"Nov 06, 2025",68.30,69.14,67.92,69.06,67.27,"15,906,700"
"Nov 05, 2025",68.66,68.83,68.18,68.51,66.74,"12,850,100"
"Nov 04, 2025",68.47,68.73,68.16,68.66,66.88,"12,743,800"
"Nov 03, 2025",68.80,68.89,67.66,67.97,66.21,"15,660,400"
"Oct 31, 2025",68.55,69.07,67.90,68.90,67.12,"16,742,700"
"Oct 30, 2025",68.45,69.29,68.39,68.98,67.19,"14,751,700"
"Oct 29, 2025",69.92,70.03,68.16,68.35,66.58,"19,789,600"
"Oct 28, 2025",70.05,70.90,69.95,70.16,68.34,"12,730,500"
"Oct 27, 2025",69.78,70.12,69.25,70.06,68.25,"13,800,000"
"Oct 24, 2025",69.91,70.05,69.65,69.71,67.90,"15,688,200"
"Oct 23, 2025",70.81,70.93,69.72,69.94,68.13,"13,989,400"
"Oct 22, 2025",71.36,71.62,70.51,70.81,68.98,"18,293,000"
"Oct 21, 2025",70.57,71.39,70.23,71.22,69.38,"33,651,300"
"Oct 20, 2025",68.43,68.64,67.92,68.44,66.67,"17,786,800"
"Oct 17, 2025",68.00,68.50,67.80,68.44,66.67,"15,541,800"
"Oct 16, 2025",67.18,68.11,67.16,67.59,65.84,"15,707,200"
"Oct 15, 2025",67.27,67.72,66.92,67.08,65.34,"11,193,700"
"Oct 14, 2025",66.87,67.57,66.75,67.51,65.76,"14,245,600"
"Oct 13, 2025",66.23,66.80,66.00,66.80,65.07,"13,690,000"
"Oct 10, 2025",66.52,67.40,66.38,67.04,65.30,"17,991,700"
"Oct 09, 2025",66.29,66.80,66.12,66.37,64.65,"12,705,200"
"Oct 08, 2025",66.67,66.87,66.06,66.12,64.41,"12,606,700"
"Oct 07, 2025",66.22,67.26,65.87,66.79,65.06,"13,328,300"
"Oct 06, 2025",66.49,66.50,65.84,66.10,64.39,"14,333,300"
"Oct 03, 2025",66.10,66.99,66.04,66.65,64.92,"12,249,200"
"Oct 02, 2025",66.53,66.65,65.86,66.10,64.39,"14,350,700"
"Oct 01, 2025",66.51,66.83,66.29,66.78,65.05,"14,877,500"